item_id,item_name,unique_item_id,dispatch_location
10021,Remdesivir 100mg,RMD-2026-0001,Boston-MGH
10021,Remdesivir 100mg,RMD-2026-0002,Boston-MGH
10022,Insulin Lispro,INS-2026-0101,Boston-BWH
10022,Insulin Lispro,INS-2026-0102,Boston-BWH
10035,Pembrolizumab,PBR-2026-1201,Boston-DanaFarber
10021,Remdesivir 100mg,,Boston-MGH
10022,Insulin Lispro,,Boston-BWH
10021,Remdesivir 200mg,RMD-2026-0099,Boston-MGH
99999,Experimental Oncology Drug,EXP-2026-7777,Boston-BWH
10035,Pembrolizumab,PBR-2026-1201,Boston-MGH
10021,Remdesivir 100mg,RMD-2026-0001,Boston-MGH
10021,Remdesivir 100mg,RMD-2026-0002,Boston-MGH
10021,Remdesivir 100mg,RMD-2026-0003,Boston-MGH
10021,Remdesivir 100mg,RMD-2026-0004,Boston-MGH
10021,Remdesivir 100mg,RMD-2026-0005,Boston-MGH
10021,Remdesivir 100mg,RMD-2026-0006,Boston-MGH
10021,Remdesivir 100mg,RMD-2026-0007,Boston-MGH
10021,Remdesivir 100mg,RMD-2026-0008,Boston-MGH
10021,Remdesivir 100mg,RMD-2026-0009,Boston-MGH
10021,Remdesivir 100mg,RMD-2026-0010,Boston-MGH
10021,Remdesivir 100mg,RMD-2026-0011,Boston-MGH
10021,Remdesivir 100mg,RMD-2026-0012,Boston-MGH
10021,Remdesivir 100mg,RMD-2026-0013,Boston-MGH
10021,Remdesivir 100mg,RMD-2026-0014,Boston-MGH
10021,Remdesivir 100mg,RMD-2026-0015,Boston-MGH
10021,Remdesivir 200mg,RMD-2026-0091,Boston-MGH
10021,Remdesivir 200mg,RMD-2026-0092,Boston-MGH
10021,Remdesivir 200mg,RMD-2026-0093,Boston-MGH
10021,Remdesivir 200mg,RMD-2026-0094,Boston-MGH
10021,Remdesivir 200mg,RMD-2026-0095,Boston-MGH
10022,Insulin Lispro,INS-2026-0101,Boston-BWH
10022,Insulin Lispro,INS-2026-0102,Boston-BWH
10022,Insulin Lispro,INS-2026-0103,Boston-BWH
10022,Insulin Lispro,INS-2026-0104,Boston-BWH
10022,Insulin Lispro,INS-2026-0105,Boston-BWH
10022,Insulin Lispro,INS-2026-0106,Boston-BWH
10022,Insulin Lispro,INS-2026-0107,Boston-BWH
10022,Insulin Lispro,INS-2026-0108,Boston-BWH
10022,Insulin Lispro,INS-2026-0109,Boston-BWH
10022,Insulin Lispro,INS-2026-0110,Boston-BWH
10022,Insulin Lispro,INS-2026-0111,Boston-BWH
10022,Insulin Lispro,INS-2026-0112,Boston-BWH
10022,Insulin Lispro,INS-2026-0113,Boston-BWH
10022,Insulin Lispro,INS-2026-0114,Boston-BWH
10022,Insulin Lispro,INS-2026-0115,Boston-BWH
10035,Pembrolizumab,PBR-2026-1201,Boston-DanaFarber
10035,Pembrolizumab,PBR-2026-1202,Boston-DanaFarber
10035,Pembrolizumab,PBR-2026-1203,Boston-DanaFarber
10035,Pembrolizumab,PBR-2026-1204,Boston-DanaFarber
10035,Pembrolizumab,PBR-2026-1205,Boston-DanaFarber
10035,Pembrolizumab,PBR-2026-1206,Boston-DanaFarber
10035,Pembrolizumab,PBR-2026-1207,Boston-DanaFarber
10035,Pembrolizumab,PBR-2026-1208,Boston-DanaFarber
10035,Pembrolizumab,PBR-2026-1209,Boston-DanaFarber
10035,Pembrolizumab,PBR-2026-1210,Boston-DanaFarber
10040,Epinephrine Auto-Injector,EPI-2026-2001,Boston-Children
10040,Epinephrine Auto-Injector,EPI-2026-2002,Boston-Children
10040,Epinephrine Auto-Injector,EPI-2026-2003,Boston-Children
10040,Epinephrine Auto-Injector,EPI-2026-2004,Boston-Children
10040,Epinephrine Auto-Injector,EPI-2026-2005,Boston-Children
10050,Heparin Sodium,HEP-2026-3001,Boston-MGH
10050,Heparin Sodium,HEP-2026-3002,Boston-MGH
10050,Heparin Sodium,HEP-2026-3003,Boston-MGH
10050,Heparin Sodium,HEP-2026-3004,Boston-MGH
10050,Heparin Sodium,HEP-2026-3005,Boston-MGH
10060,Morphine Sulfate,MOR-2026-4001,Boston-BWH
10060,Morphine Sulfate,MOR-2026-4002,Boston-BWH
10060,Morphine Sulfate,MOR-2026-4003,Boston-BWH
10060,Morphine Sulfate,MOR-2026-4004,Boston-BWH
10060,Morphine Sulfate,MOR-2026-4005,Boston-BWH
10070,Albuterol Inhaler,ALB-2026-5001,Boston-Children
10070,Albuterol Inhaler,ALB-2026-5002,Boston-Children
10070,Albuterol Inhaler,ALB-2026-5003,Boston-Children
10070,Albuterol Inhaler,ALB-2026-5004,Boston-Children
10070,Albuterol Inhaler,ALB-2026-5005,Boston-Children
99999,Experimental Oncology Drug,EXP-2026-7777,Boston-BWH
99999,Experimental Oncology Drug,EXP-2026-7778,Boston-BWH
99999,Experimental Oncology Drug,EXP-2026-7779,Boston-MGH
10021,Remdesivir 100mg,RMD-2026-0001,Boston-MGH
10035,Pembrolizumab,PBR-2026-1201,Boston-MGH
10022,Insulin Lispro,,Boston-BWH
10021,Remdesivir 100mg,,Boston-MGH
10035,Pembrolizumab,,Boston-DanaFarber
10050,Heparin Sodium,HEP-2026-3001,Boston-BWH
10060,Morphine Sulfate,MOR-2026-4002,Boston-MGH
10040,Epinephrine Auto-Injector,EPI-2026-2002,Boston-BWH
10071,Albuterol Inhaler,ALB-2026-5003,Boston-MGH